{
  "data": [
    {
      "wav": "data/labeled/21116/iNat296867.ogg",
      "labels": "21116",
      "duration": 0.0
    },
    {
      "wav": "data/labeled/21116/iNat65520.ogg",
      "labels": "21116",
      "duration": 0.0
    },
    {
      "wav": "data/labeled/46010/iNat167113.ogg",
      "labels": "46010",
      "duration": 0.0
    },
    {
      "wav": "data/labeled/46010/iNat247099.ogg",
      "labels": "46010",
      "duration": 0.0
    },
    {
      "wav": "data/labeled/46010/iNat579430.ogg",
      "labels": "46010",
      "duration": 0.0
    },
    {
      "wav": "data/labeled/46010/iNat913511.ogg",
      "labels": "46010",
      "duration": 0.0
    },
    {
      "wav": "data/labeled/46010/XC961102.ogg",
      "labels": "46010",
      "duration": 0.0
    },
    {
      "wav": "data/unlabeled/H02_20230420_074000.ogg",
      "labels": "46010",
      "duration": 0.0
    },
    {
      "wav": "data/unlabeled/H02_20230420_112000.ogg",
      "labels": "46010",
      "duration": 0.0
    },
    {
      "wav": "data/unlabeled/H02_20230420_154500.ogg",
      "labels": "46010",
      "duration": 0.0
    },
    {
      "wav": "data/unlabeled/H02_20230420_164000.ogg",
      "labels": "46010",
      "duration": 0.0
    },
    {
      "wav": "data/unlabeled/H02_20230420_223500.ogg",
      "labels": "46010",
      "duration": 0.0
    },
    {
      "wav": "data/unlabeled/H02_20230421_093000.ogg",
      "labels": "46010",
      "duration": 0.0
    },
    {
      "wav": "data/unlabeled/H02_20230421_113500.ogg",
      "labels": "46010",
      "duration": 0.0
    },
    {
      "wav": "data/unlabeled/H02_20230421_170000.ogg",
      "labels": "46010",
      "duration": 0.0
    }
  ]
}