mid,index,display_name
10057,0,Crimson-backed Tanager
10126,1,Crested Oropendola
10199,2,Bananaquit
10288,3,Blue-black Grassquit
10295,4,Blue-gray Tanager
10297,5,Palm Tanager
10359,6,Yellow-rumped Cacique
107936,7,Colombian Chachalaca
10890,8,Plain-brown Woodcreeper
11063,9,Cocoa Woodcreeper
11281,10,Pale-legged Hornero
11364,11,Yellow-chinned Spinetail
1139490,12,Ragoniella pulchella
116877,13,Black-capped Donacobius
11872,14,Gray-breasted Martin
1192948,15,Oxyprora surinamensis
11937,16,White-winged Swallow
1194042,17,Copiphora colombiae
11972,18,Southern Rough-winged Swallow
126247,19,Spotted Foam-nest Frog
1286908,20,Olivaceous Saltator
1289601,21,Neotropic Cormorant
1289646,22,Shining-green Hummingbird
1300,23,Crested Bobwhite
1346504,24,Neoconocephalus brachypterus
134933,25,Emerald Glass Frog
135045,26,Andean Poison Frog
14235,27,White-bearded Manakin
1432779,28,Yellow-headed Caracara
144455,29,Great Egret
144643,30,Whooping Motmot
144857,31,Black-bellied Wren
144878,32,Buff-breasted Wren
145234,33,Tropical Parula
145236,34,Bay-breasted Warbler
1462711,35,Cocconotus aratifrons
1462737,36,Docidocercus fasciatus
1468,37,Rufous-tailed Jacamar
1538,38,Russet-throated Puffbird
1564122,39,Daedadelus waehnerorum 
15807,40,White-bellied Antbird
15810,41,Black-crested Antshrike
15909,42,White-fringed Antwren
1593,43,Pied Puffbird
16063,44,Streaked Flycatcher
16371,45,Sepia-capped Flycatcher
16447,46,Vermilion Flycatcher
16559,47,Yellow-breasted Flycatcher
16567,48,Yellow-olive Flycatcher
16714,49,Yellow-bellied Elaenia
16737,50,Boat-billed Flycatcher
16787,51,Tropical Kingbird
16793,52,Fork-tailed Flycatcher
16833,53,Rusty-margined Flycatcher
16842,54,Social Flycatcher
16956,55,Great Kiskadee
16972,56,Southern Beardless-Tyrannulet
17041,57,Slate-headed Tody-Flycatcher
17148,58,Common Tody-Flycatcher
17266,59,Yellow-crowned Tyrannulet
17281,60,Pied Water-Tyrant
17289,61,Cattle Tyrant
17312,62,Piratic Flycatcher
17333,63,White-headed Marsh Tyrant
17772,64,Olivaceous Piculet
17858,65,Lineated Woodpecker
18199,66,Red-crowned Woodpecker
18265,67,Spot-breasted Woodpecker
18273,68,Crimson-crested Woodpecker
18584,69,Collared Aracari
19003,70,Yellow-crowned Parrot
19016,71,Red-and-green Macaw
19018,72,Blue-and-yellow Macaw
19064,73,Spectacled Parrotlet
19096,74,Blue-headed Parrot
19211,75,Orange-chinned Parakeet
19627,76,Common Pauraque
19667,77,Common Potoo
19680,78,Great Potoo
1970,79,Greater Ani
1971,80,Smooth-billed Ani
19788,81,Tropical Screech-Owl
1989,82,Striped Cuckoo
20020,83,Spectacled Owl
201041,84,Roadside Hawk
2050,85,Blue-billed Curassow
20535,86,Little Tinamou
2062,87,Crested Guan
21038,88,Common Rocket Frog
21116,89,Yellow-striped Poison Dart Frog
21211,90,Spotted-thighed Poison Frog
2163,91,Rufous Motmot
22333,92,Lesser Antillean whistling frog
22973,93,Whistling Grass Frog
22976,94,Mexican White-lipped Frog
24272,95,Masked Tree Frog
24292,96,Caracas Snouted Tree Frog
24322,97,Red Snouted Tree Frog
2552,98,Ringed Kingfisher
2669,99,Green Kingfisher
2676,100,American Pygmy Kingfisher
2679,101,Amazon Kingfisher
3085,102,Pale-vented Pigeon
3280,103,White-tipped Dove
339674,104,Golden-headed Manakin
339907,105,Yellow-throated Toucan
3439,106,Eared Dove
3580,107,Ruddy Ground Dove
367560,108,Brown-throated Parakeet
367681,109,Thick-billed Seed-Finch
3736,110,Bare-faced Ibis
3770,111,Green Ibis
3875,112,Solitary Sandpiper
41663,113,Common Raccoon
41778,114,Neotropical River Otter
41970,115,Jaguar
42007,116,Mountain Lion
42087,117,Crab-eating Fox
42113,118,Collared Peccary
4239,119,Least Grebe
4569,120,Large-billed Tern
4580,121,Wattled Jacana
46010,122,Red-tailed Squirrel
4665,123,American Kestrel
47067,124,Brown-throated Three-toed Sloth
4715,125,Crested Caracara
4719,126,Laughing Falcon
4742,127,Wood Stork
4756,128,Turkey Vulture
4765,129,Black Vulture
476537,130,Colombian Plump Frog
476538,131,Panama Humming Frog
48124,132,Katydids
4867,133,Southern Lapwing
4940,134,Snowy Egret
4952,135,Cocoi Heron
50186,136,Typical Cicadas
5036,137,Boat-billed Heron
5048,138,Rufescent Tiger-Heron
5063,139,Anhinga
513889,140,Gray-cowled Wood-Rail
513975,141,Brown-winged Schiffornis
517119,142,Giant Toad
519,143,Purple Gallinule
523060,144,Eschatoceras bipunctatus
5235,145,Savanna Hawk
5238,146,Great Black Hawk
528041,147,Orophus conspersus
52884,148,True Crickets
5346,149,Black-collared Hawk
5415,150,Plumbeous Kite
548639,151,Copiphora gracilis
554103,152,Chestnut-backed Antbird
555086,153,Rusty Tree Frog
555142,154,Chirique-Flusse Tree Frog
558468,155,Striped Owl
566513,156,Colombian Red Howler Monkey
5676,157,Rufous-tailed Hummingbird
62528,158,Striated Heron
62529,159,Roseate Spoonbill
629096,160,Great Tinamou
64862,161,Colombian Niputidea Nurse Frog
65336,162,Bogert's Aquatic Tree Frog
65344,163,Boettger's Colombian Tree Frog
65349,164,Harlequin Treefrog
65373,165,Yellow Tree Frog
65419,166,Esmereldas Robber Frog
65448,167,Túngara Frog
65547,168,Tatayo's Glass Frog
65962,169,Savage's Thin-toed Frog
66016,170,Vaillant's Frog
66531,171,Cachabi Robber Frog
66578,172,Bogota Robber Frog
66893,173,Banded Rain Frog
67082,174,Palm Rocket Frog
67252,175,Veined Tree Frog
6893,176,Black-bellied Whistling-Duck
6911,177,Northern Screamer
69688,178,Yellow-hooded Blackbird
714022,179,Panoploscelis specularis
715170,180,Copris susanae
72520,181,Chestnut-fronted Macaw
727228,182,Royal Flycatcher
72806,183,Straight-billed Woodcreeper
73325,184,Saffron-headed Parrot
73524,185,White-tailed Trogon
7483,186,Bicolored Wren
7613,187,White-breasted Wood-Wren
787625,188,Santa Rita Rocket Frog
793308,189,Red-breasted Meadowlark
81930,190,Rivero's Toad
8479,191,Black-chested Jay
868458,192,Typophyllum inflatum
8690,193,Cinnamon Becard
8823,194,Black-crowned Tityra
8834,195,Masked Tityra
9308,196,Thick-billed Euphonia
9352,197,Yellow Oriole
9487,198,Gray Seedeater
9492,199,Ruddy-breasted Seedeater
9515,200,Yellow-bellied Seedeater
9548,201,Plain-colored Tanager
9600,202,Carib Grackle
963335,203,Subria sylvestris
9855,204,Buff-throated Saltator
9864,205,Saffron Finch
