{
  "data": [
    {
      "wav": "data/unlabeled/H02_20230420_074000.ogg",
      "labels": "46010",
      "duration": 0.0
    },
    {
      "wav": "data/unlabeled/H02_20230420_112000.ogg",
      "labels": "46010",
      "duration": 0.0
    },
    {
      "wav": "data/unlabeled/H02_20230420_154500.ogg",
      "labels": "46010",
      "duration": 0.0
    },
    {
      "wav": "data/unlabeled/H02_20230420_164000.ogg",
      "labels": "46010",
      "duration": 0.0
    },
    {
      "wav": "data/unlabeled/H02_20230420_223500.ogg",
      "labels": "46010",
      "duration": 0.0
    },
    {
      "wav": "data/unlabeled/H02_20230421_093000.ogg",
      "labels": "46010",
      "duration": 0.0
    },
    {
      "wav": "data/unlabeled/H02_20230421_113500.ogg",
      "labels": "46010",
      "duration": 0.0
    },
    {
      "wav": "data/unlabeled/H02_20230421_170000.ogg",
      "labels": "46010",
      "duration": 0.0
    }
  ]
}