{
  "data": [
    {
      "wav": "data/labeled/21116/iNat296867.ogg",
      "labels": "21116",
      "duration": 0.0
    },
    {
      "wav": "data/labeled/21116/iNat65520.ogg",
      "labels": "21116",
      "duration": 0.0
    },
    {
      "wav": "data/labeled/46010/iNat167113.ogg",
      "labels": "46010",
      "duration": 0.0
    },
    {
      "wav": "data/labeled/46010/iNat247099.ogg",
      "labels": "46010",
      "duration": 0.0
    },
    {
      "wav": "data/labeled/46010/iNat579430.ogg",
      "labels": "46010",
      "duration": 0.0
    },
    {
      "wav": "data/labeled/46010/iNat913511.ogg",
      "labels": "46010",
      "duration": 0.0
    },
    {
      "wav": "data/labeled/46010/XC961102.ogg",
      "labels": "46010",
      "duration": 0.0
    }
  ]
}